{
    "id": "bottled_curse",
    "name": "Bottled Curse",
    "description": "Throw to curse an enemy",
    "category": "item",
    "tags": ["consumable", "potion", "curse", "throwable"],
    
    "components": {
        "render": {
            "char": "!",
            "color": "dark_purple",
            "priority": 3
        },
        "name": {
            "name": "Bottled Curse",
            "description": "Throw to curse an enemy"
        },
        "item": {
            "type": "consumable",
            "value": 60,
            "stackable": true
        },
        "item_effect": {
            "effects": [
                {
                    "effect_id": "effect.curse",
                    "trigger": "on_use",
                    "message": "Dark magic envelops %target%!"
                }
            ]
        }
    }
}
