{
    "id": "bread",
    "name": "Bread",
    "description": "Simple but filling",
    "category": "item",
    "tags": ["consumable", "food"],
    
    "components": {
        "render": {
            "char": "%",
            "color": "brown",
            "priority": 3
        },
        "name": {
            "name": "Bread",
            "description": "Simple but filling"
        },
        "item": {
            "type": "consumable",
            "value": 5,
            "stackable": true
        },
        "item_effect": {
            "effects": [
                {
                    "type": "heal_hp",
                    "trigger": "on_use",
                    "magnitude": 5,
                    "message": "The bread fills %target% up."
                }
            ]
        }
    }
}
