{
    "id": "short_sword",
    "name": "Short Sword",
    "description": "A reliable one-handed sword",
    "category": "item",
    "tags": ["weapon", "sword", "melee", "one_handed"],
    
    "components": {
        "render": {
            "char": "/",
            "color": "cyan",
            "priority": 3
        },
        "name": {
            "name": "Short Sword",
            "description": "A reliable one-handed sword"
        },
        "item": {
            "type": "weapon",
            "equip_slot": "hand",
            "value": 50,
            "base_damage": 6,
            "attack_bonus": 5,
            "cutting_chance": 0.12,
            "required_limbs": 1,
            "required_limb_type": "hand"
        }
    }
}
